{"paschimottanasana": [0.03530845580975974, 0.02427515426516613, 0.02248475588714718, 0.027898840492187712, 0.01757554984444463, 0.06119201032777754, 0.03195869829236095, 0.13288390542494777, 0.13408580920725302, 0.14614047115145662, 0.14725569269041164, 0.19862851916906799, 0.18188572028873895, 0.23261062953946, 0.20778286230134113, 0.29360079419986135, 0.2752366287371883, 0.1931307404303729, 0.19750189525905673, 0.18831289515009061, 0.19717549305018697, 0.15903835728376878, 0.14806182127034598, 0.11212596268463125, 0.17936381060001302, 0.14553383351698296, 0.2812334495547331, 0.2552685369309974, 0.0799947666688078, 0.019697645212338164, 0.13890896890525206, 0.10000488389254845, 0.15037061191663018, 0.119983363447086, 0.4633968884906305, 0.1608976665775117, 0.45616163886734284, 0.114913194765298, 0.5221671119409924, 0.33432460102873546, 0.5096599278549547, 0.23006614647359433, 0.5409131859075084, 0.46022095892355236, 0.5020128978794673, 0.06152636064992597, 0.1279804169656321, 0.02857875047872464, 0.04073845259942269, 0.013321520067014111, 0.013330262149490105], "balasana": [0.0664721769070433, 0.058753570334624305, 0.05160621778508549, 0.07375924319535361, 0.05128483885713285, 0.08692805127140318, 0.050697362215595496, 0.14852254695414419, 0.12983363925385405, 0.17388072424722578, 0.16020987513679444, 0.20424632911538068, 0.19496265394168139, 0.21079434211031317, 0.20650387865862915, 0.24162890556249123, 0.25312701606453314, 0.17724730588914173, 0.18446632716296044, 0.17089851257054556, 0.1937524909548897, 0.1451326932511527, 0.11685142627150379, 0.09328972897941193, 0.19036486253291982, 0.10949805147872134, 0.25808810301289054, 0.22514421920263755, 0.08001612169180655, 0.07099832482928839, 0.11350676907628775, 0.12552095031692312, 0.10779712343755493, 0.13416174795694666, 0.189931359752336, 0.08447570087810163, 0.16005691715508874, 0.036302651006394626, 0.14738786155794514, 0.18070104460639413, 0.1530596751217672, 0.13079663246753626, 0.4180129569140263, 0.2688019082415849, 0.26563871596590616, 0.058265763880626764, 0.060431625053752214, 0.09014696456870297, 0.1023778058734024, 0.0571337008732371, 0.06669428609166062], "salabhasana": [0.029391815780992453, 0.0150745171603803, 0.014443600058216223, 0.013321953249121688, 0.015201465032866037, 0.07863827363053781, 0.06849581829354391, 0.12047542578210338, 0.10299065714766399, 0.10820283407012464, 0.09050348187851301, 0.2024597150462946, 0.20453044589015898, 0.20959335006561278, 0.2074061381007925, 0.26043744524255746, 0.25358669252938226, 0.27669926658036614, 0.2826309313761616, 0.2726736322283665, 0.27527977808132614, 0.24844336969869169, 0.2208618409335977, 0.19726200211437098, 0.1558283763380764, 0.1171314655293374, 0.09515254912805367, 0.06434166118333424, 0.13545706326586382, 0.12653312776435982, 0.10055344660834467, 0.10027354168474806, 0.07241729054481273, 0.07814288277144518, 0.6649796608193167, 0.17568176770221505, 0.6207633901283081, 0.0766200262507231, 0.7108234204592762, 0.5314598602066137, 0.6565685708573538, 0.18652693496952796, 0.32605220056299505, 0.258880364066311, 0.30095992866775084, 0.12250408147670457, 0.1103024404528069, 0.055039004675626495, 0.04456776996937998, 0.043640302445996426, 0.029351997361839587], "bitilasana": [0.014322970768947212, 0.005516359367584217, 0.005818150726464531, 0.009088183685439505, 0.007928641561290438, 0.04968886067426493, 0.05405455610960425, 0.13410338418227455, 0.14488581858190536, 0.1920736286910459, 0.21399963725858315, 0.15791349549458475, 0.17076406557694102, 0.19140475246046887, 0.20899706285965397, 0.25047241601201975, 0.2608161896152766, 0.2669534951076623, 0.2634656534163353, 0.2526119091222195, 0.25962680587674397, 0.21134144056907295, 0.17970908527110613, 0.17064359407025684, 0.15544204411878318, 0.1711552304458825, 0.16035062458969432, 0.18115169848936163, 0.08909014050015694, 0.10299558223762034, 0.0752092373373588, 0.10866096289507893, 0.053603152681052355, 0.10724219930631726, 0.8686860027111833, 0.1877050291514024, 0.8316729043940237, 0.035233435306387645, 0.890489558239157, 0.7001654750357071, 0.9053769929674066, 0.42590716696189096, 0.7519452628524353, 0.3295968646843297, 0.3341751133169358, 0.09511530357412994, 0.08209942776011303, 0.06654675609897823, 0.1369079570203515, 0.04377631257132938, 0.0659593657721416], "virabhadrasana_i": [0.06551011379673921, 0.05883691870755798, 0.05749995609563316, 0.06542092273671503, 0.06432981796978456, 0.10888674288527611, 0.10678307728474364, 0.08840620680814933, 0.09043402587769074, 0.026507400111063412, 0.03348866773205719, 0.19730655281837303, 0.19307533931859455, 0.22862050612597962, 0.22723337745666738, 0.2839425724720766, 0.27937122757865823, 0.17153676676985222, 0.1709978185829582, 0.15908496534609948, 0.1823063107919197, 0.1491825485091595, 0.19499879852533547, 0.17372768226542523, 0.19288316563458918, 0.17349407717338286, 0.16818620733661896, 0.15220841999530166, 0.20374979628831855, 0.192788668787623, 0.1752668351375876, 0.18051150291530405, 0.08216835777435284, 0.10900950762591739, 0.39425909084767646, 0.25370733635272924, 0.23163532516805502, 0.20094853473781812, 0.19691297335822772, 0.4575710149436462, 0.32907156665559584, 0.4383993936566318, 0.3046177018024936, 0.42399738057766384, 0.39723300559037344, 0.47954015737603894, 0.4589144370132467, 0.313015801939977, 0.27701090496862535, 0.13446605435243195, 0.16746729906228167], "ustrasana": [0.02572178338166987, 0.009910544511899882, 0.020075864496086, 0.0059960864141964726, 0.02362306798102366, 0.040177847448619804, 0.051117800268694086, 0.1501780027727351, 0.14179141111839097, 0.24390871827291047, 0.23524138282609355, 0.16853453770708993, 0.14930796942696023, 0.272298889886131, 0.25095172218179435, 0.30186693710062795, 0.2955806838659631, 0.027573526250171662, 0.02865806244633309, 0.017595305697518725, 0.06167383332494376, 0.019272030161979096, 0.13667959003156227, 0.09910635207241907, 0.15428589930082748, 0.12802200768139274, 0.11260153187478741, 0.09601768525228732, 0.285479984130941, 0.2412753706729629, 0.25751129683213764, 0.22161366422768342, 0.17184497661639966, 0.15662160649688922, 0.5526306616957299, 0.472710702670156, 0.23414664987649303, 0.37609719531974406, 0.12209042344329646, 0.6442065366936731, 0.30526904089492746, 0.6225968515500426, 0.30021959717305435, 0.41710550941570546, 0.2963331499740889, 0.22785718515615372, 0.1649607302097138, 0.1666344045288497, 0.13435375469362043, 0.07506700068552163, 0.11214411825494608], "utkatasana": [0.04844761799975215, 0.04059881891862683, 0.04019976207315283, 0.04697561990645482, 0.04786283679489922, 0.08688198138995519, 0.08446075246910004, 0.082705199205584, 0.09119297188178356, 0.025679168637010783, 0.03372400220193703, 0.18372505509845538, 0.17875106653561795, 0.22786317715677207, 0.23066807606662298, 0.30177975476231583, 0.3071825559786658, 0.21068184340220394, 0.2108052836814126, 0.19625113757557697, 0.2022991946890713, 0.15596320751522375, 0.17326409795229136, 0.1340779053221107, 0.1831909851225562, 0.12843739843985985, 0.24175405624798768, 0.23115755671077423, 0.07454060611672289, 0.03883881360155008, 0.1868238520715426, 0.19939483105308486, 0.11565929070396695, 0.10529928479523559, 0.3162400005477883, 0.16393265386068379, 0.32632629546754865, 0.07569666227771615, 0.3382089064292483, 0.35581269233344676, 0.3804945904127883, 0.34198601810042173, 0.31152796323625476, 0.43674824511716986, 0.43885654758990067, 0.4080012469070921, 0.4515559673137349, 0.42635481164920336, 0.6679393131423488, 0.4079500113148242, 0.4407233157716374],